PRAGMA foreign_keys=OFF;
BEGIN TRANSACTION;
CREATE TABLE IF NOT EXISTS "django_migrations" ("id" integer NOT NULL PRIMARY KEY AUTOINCREMENT, "app" varchar(255) NOT NULL, "name" varchar(255) NOT NULL, "applied" datetime NOT NULL);
INSERT INTO django_migrations VALUES(1,'contenttypes','0001_initial','2021-04-14 05:13:49.344397');
INSERT INTO django_migrations VALUES(2,'contenttypes','0002_remove_content_type_name','2021-04-14 05:13:49.362492');
INSERT INTO django_migrations VALUES(3,'auth','0001_initial','2021-04-14 05:13:49.382895');
INSERT INTO django_migrations VALUES(4,'auth','0002_alter_permission_name_max_length','2021-04-14 05:13:49.395007');
INSERT INTO django_migrations VALUES(5,'auth','0003_alter_user_email_max_length','2021-04-14 05:13:49.406412');
INSERT INTO django_migrations VALUES(6,'auth','0004_alter_user_username_opts','2021-04-14 05:13:49.416598');
INSERT INTO django_migrations VALUES(7,'auth','0005_alter_user_last_login_null','2021-04-14 05:13:49.426988');
INSERT INTO django_migrations VALUES(8,'auth','0006_require_contenttypes_0002','2021-04-14 05:13:49.430344');
INSERT INTO django_migrations VALUES(9,'auth','0007_alter_validators_add_error_messages','2021-04-14 05:13:49.442259');
INSERT INTO django_migrations VALUES(10,'auth','0008_alter_user_username_max_length','2021-04-14 05:13:49.471534');
INSERT INTO django_migrations VALUES(11,'auth','0009_alter_user_last_name_max_length','2021-04-14 05:13:49.480214');
INSERT INTO django_migrations VALUES(12,'auth','0010_alter_group_name_max_length','2021-04-14 05:13:49.490203');
INSERT INTO django_migrations VALUES(13,'auth','0011_update_proxy_permissions','2021-04-14 05:13:49.498270');
INSERT INTO django_migrations VALUES(14,'auth','0012_alter_user_first_name_max_length','2021-04-14 05:13:49.509411');
INSERT INTO django_migrations VALUES(19,'sessions','0001_initial','2021-04-14 05:13:49.586010');
INSERT INTO django_migrations VALUES(30,'auctions','0001_initial','2021-04-25 03:50:46.779688');
INSERT INTO django_migrations VALUES(31,'admin','0001_initial','2021-04-25 03:50:46.814261');
INSERT INTO django_migrations VALUES(32,'admin','0002_logentry_remove_auto_add','2021-04-25 03:50:46.836325');
INSERT INTO django_migrations VALUES(33,'admin','0003_logentry_add_action_flag_choices','2021-04-25 03:50:46.856591');
INSERT INTO django_migrations VALUES(34,'auctions','0002_bids_comment_listings','2021-04-25 04:26:04.741087');
INSERT INTO django_migrations VALUES(35,'auctions','0003_auto_20210415_0609','2021-04-25 04:26:14.091984');
INSERT INTO django_migrations VALUES(36,'auctions','0004_auto_20210416_1329','2021-04-25 04:26:14.096321');
INSERT INTO django_migrations VALUES(37,'auctions','0005_listing_listing_datetime','2021-04-25 04:26:14.098686');
INSERT INTO django_migrations VALUES(38,'auctions','0006_auto_20210417_2338','2021-04-25 04:26:14.102815');
INSERT INTO django_migrations VALUES(39,'auctions','0007_auto_20210418_0228','2021-04-25 04:26:14.105619');
INSERT INTO django_migrations VALUES(40,'auctions','0008_auto_20210419_0245','2021-04-25 04:26:14.108409');
INSERT INTO django_migrations VALUES(41,'auctions','0009_listing_listed_by','2021-04-25 04:26:14.110938');
INSERT INTO django_migrations VALUES(42,'auctions','0010_auto_20210423_0308','2021-04-25 04:26:14.113193');
INSERT INTO django_migrations VALUES(43,'auctions','0011_auto_20210424_0600','2021-04-25 04:28:11.335269');
INSERT INTO django_migrations VALUES(44,'auctions','0012_auto_20210425_0433','2021-04-25 04:33:21.589156');
INSERT INTO django_migrations VALUES(45,'auctions','0013_auto_20210425_0439','2021-04-25 04:50:22.583966');
INSERT INTO django_migrations VALUES(46,'auctions','0014_remove_comment_author','2021-04-25 04:50:22.611506');
INSERT INTO django_migrations VALUES(47,'auctions','0015_comment_author','2021-04-25 04:50:49.838387');
CREATE TABLE IF NOT EXISTS "django_content_type" ("id" integer NOT NULL PRIMARY KEY AUTOINCREMENT, "app_label" varchar(100) NOT NULL, "model" varchar(100) NOT NULL);
INSERT INTO django_content_type VALUES(1,'auctions','user');
INSERT INTO django_content_type VALUES(2,'admin','logentry');
INSERT INTO django_content_type VALUES(3,'auth','permission');
INSERT INTO django_content_type VALUES(4,'auth','group');
INSERT INTO django_content_type VALUES(5,'contenttypes','contenttype');
INSERT INTO django_content_type VALUES(6,'sessions','session');
INSERT INTO django_content_type VALUES(7,'auctions','listing');
INSERT INTO django_content_type VALUES(8,'auctions','comment');
INSERT INTO django_content_type VALUES(9,'auctions','bid');
INSERT INTO django_content_type VALUES(10,'auctions','watchlist');
INSERT INTO django_content_type VALUES(11,'auctions','listings');
INSERT INTO django_content_type VALUES(12,'auctions','bids');
CREATE TABLE IF NOT EXISTS "auth_group_permissions" ("id" integer NOT NULL PRIMARY KEY AUTOINCREMENT, "group_id" integer NOT NULL REFERENCES "auth_group" ("id") DEFERRABLE INITIALLY DEFERRED, "permission_id" integer NOT NULL REFERENCES "auth_permission" ("id") DEFERRABLE INITIALLY DEFERRED);
CREATE TABLE IF NOT EXISTS "auth_permission" ("id" integer NOT NULL PRIMARY KEY AUTOINCREMENT, "content_type_id" integer NOT NULL REFERENCES "django_content_type" ("id") DEFERRABLE INITIALLY DEFERRED, "codename" varchar(100) NOT NULL, "name" varchar(255) NOT NULL);
INSERT INTO auth_permission VALUES(1,1,'add_user','Can add user');
INSERT INTO auth_permission VALUES(2,1,'change_user','Can change user');
INSERT INTO auth_permission VALUES(3,1,'delete_user','Can delete user');
INSERT INTO auth_permission VALUES(4,1,'view_user','Can view user');
INSERT INTO auth_permission VALUES(5,2,'add_logentry','Can add log entry');
INSERT INTO auth_permission VALUES(6,2,'change_logentry','Can change log entry');
INSERT INTO auth_permission VALUES(7,2,'delete_logentry','Can delete log entry');
INSERT INTO auth_permission VALUES(8,2,'view_logentry','Can view log entry');
INSERT INTO auth_permission VALUES(9,3,'add_permission','Can add permission');
INSERT INTO auth_permission VALUES(10,3,'change_permission','Can change permission');
INSERT INTO auth_permission VALUES(11,3,'delete_permission','Can delete permission');
INSERT INTO auth_permission VALUES(12,3,'view_permission','Can view permission');
INSERT INTO auth_permission VALUES(13,4,'add_group','Can add group');
INSERT INTO auth_permission VALUES(14,4,'change_group','Can change group');
INSERT INTO auth_permission VALUES(15,4,'delete_group','Can delete group');
INSERT INTO auth_permission VALUES(16,4,'view_group','Can view group');
INSERT INTO auth_permission VALUES(17,5,'add_contenttype','Can add content type');
INSERT INTO auth_permission VALUES(18,5,'change_contenttype','Can change content type');
INSERT INTO auth_permission VALUES(19,5,'delete_contenttype','Can delete content type');
INSERT INTO auth_permission VALUES(20,5,'view_contenttype','Can view content type');
INSERT INTO auth_permission VALUES(21,6,'add_session','Can add session');
INSERT INTO auth_permission VALUES(22,6,'change_session','Can change session');
INSERT INTO auth_permission VALUES(23,6,'delete_session','Can delete session');
INSERT INTO auth_permission VALUES(24,6,'view_session','Can view session');
INSERT INTO auth_permission VALUES(25,7,'add_listings','Can add listings');
INSERT INTO auth_permission VALUES(26,7,'change_listings','Can change listings');
INSERT INTO auth_permission VALUES(27,7,'delete_listings','Can delete listings');
INSERT INTO auth_permission VALUES(28,7,'view_listings','Can view listings');
INSERT INTO auth_permission VALUES(29,8,'add_comment','Can add comment');
INSERT INTO auth_permission VALUES(30,8,'change_comment','Can change comment');
INSERT INTO auth_permission VALUES(31,8,'delete_comment','Can delete comment');
INSERT INTO auth_permission VALUES(32,8,'view_comment','Can view comment');
INSERT INTO auth_permission VALUES(33,9,'add_bids','Can add bids');
INSERT INTO auth_permission VALUES(34,9,'change_bids','Can change bids');
INSERT INTO auth_permission VALUES(35,9,'delete_bids','Can delete bids');
INSERT INTO auth_permission VALUES(36,9,'view_bids','Can view bids');
INSERT INTO auth_permission VALUES(37,9,'add_bid','Can add bid');
INSERT INTO auth_permission VALUES(38,9,'change_bid','Can change bid');
INSERT INTO auth_permission VALUES(39,9,'delete_bid','Can delete bid');
INSERT INTO auth_permission VALUES(40,9,'view_bid','Can view bid');
INSERT INTO auth_permission VALUES(41,7,'add_listing','Can add listing');
INSERT INTO auth_permission VALUES(42,7,'change_listing','Can change listing');
INSERT INTO auth_permission VALUES(43,7,'delete_listing','Can delete listing');
INSERT INTO auth_permission VALUES(44,7,'view_listing','Can view listing');
INSERT INTO auth_permission VALUES(45,10,'add_watchlist','Can add watchlist');
INSERT INTO auth_permission VALUES(46,10,'change_watchlist','Can change watchlist');
INSERT INTO auth_permission VALUES(47,10,'delete_watchlist','Can delete watchlist');
INSERT INTO auth_permission VALUES(48,10,'view_watchlist','Can view watchlist');
INSERT INTO auth_permission VALUES(49,11,'add_listings','Can add listings');
INSERT INTO auth_permission VALUES(50,11,'change_listings','Can change listings');
INSERT INTO auth_permission VALUES(51,11,'delete_listings','Can delete listings');
INSERT INTO auth_permission VALUES(52,11,'view_listings','Can view listings');
INSERT INTO auth_permission VALUES(53,12,'add_bids','Can add bids');
INSERT INTO auth_permission VALUES(54,12,'change_bids','Can change bids');
INSERT INTO auth_permission VALUES(55,12,'delete_bids','Can delete bids');
INSERT INTO auth_permission VALUES(56,12,'view_bids','Can view bids');
CREATE TABLE IF NOT EXISTS "auth_group" ("id" integer NOT NULL PRIMARY KEY AUTOINCREMENT, "name" varchar(150) NOT NULL UNIQUE);
CREATE TABLE IF NOT EXISTS "auctions_user" ("id" integer NOT NULL PRIMARY KEY AUTOINCREMENT, "password" varchar(128) NOT NULL, "last_login" datetime NULL, "is_superuser" bool NOT NULL, "username" varchar(150) NOT NULL UNIQUE, "first_name" varchar(150) NOT NULL, "last_name" varchar(150) NOT NULL, "email" varchar(254) NOT NULL, "is_staff" bool NOT NULL, "is_active" bool NOT NULL, "date_joined" datetime NOT NULL);
INSERT INTO auctions_user VALUES(2,'pbkdf2_sha256$216000$LN17Q1YJLqT8$htfrPxENrZT7nbNBXlrvo4m9OsJRh0QM0fx+I7BuuM4=','2021-05-09 00:50:44.857989',1,'admin','Steve','Chae','admin@example.com',1,1,'2021-04-15 05:50:30');
INSERT INTO auctions_user VALUES(3,'pbkdf2_sha256$216000$atWN0SC3w4SM$NNDDbtj8lRWkI8tdKgkfEgdvyupff+8J8UZlXZhI73I=','2021-05-08 23:35:40.668939',1,'Pilip','Pilip','Chae','pilipchae@example.com',1,1,'2021-04-15 06:17:00');
INSERT INTO auctions_user VALUES(4,'pbkdf2_sha256$216000$89smy1GkZ88g$8c4aDczkEFbyvfo5ZFXvAVN/m8zD4sfdGQswBazYMc0=','2021-05-08 03:18:26.807656',0,'harry','Harry','Potter','harrypotter@example.com',1,1,'2021-04-19 22:50:09');
INSERT INTO auctions_user VALUES(5,'pbkdf2_sha256$216000$wrWkUq3xxAEG$KB/WSIM4VsE6Zfx39xu/LkTSzOwufyZDxZ8MGwbMp9k=','2021-05-08 03:17:46.447079',0,'Bev','','','bev@example.com',0,1,'2021-05-08 03:17:46.092232');
INSERT INTO auctions_user VALUES(6,'pbkdf2_sha256$216000$L2gDHJNu7KED$dzvE24isX2t60bewZ/ApLueta/cDdzeDw2htWgJ00RE=','2021-05-08 23:51:34.890734',0,'Brian','','','brian@example.com',0,1,'2021-05-08 03:20:42.619412');
CREATE TABLE IF NOT EXISTS "auctions_user_groups" ("id" integer NOT NULL PRIMARY KEY AUTOINCREMENT, "user_id" integer NOT NULL REFERENCES "auctions_user" ("id") DEFERRABLE INITIALLY DEFERRED, "group_id" integer NOT NULL REFERENCES "auth_group" ("id") DEFERRABLE INITIALLY DEFERRED);
CREATE TABLE IF NOT EXISTS "auctions_user_user_permissions" ("id" integer NOT NULL PRIMARY KEY AUTOINCREMENT, "user_id" integer NOT NULL REFERENCES "auctions_user" ("id") DEFERRABLE INITIALLY DEFERRED, "permission_id" integer NOT NULL REFERENCES "auth_permission" ("id") DEFERRABLE INITIALLY DEFERRED);
CREATE TABLE IF NOT EXISTS "django_session" ("session_key" varchar(40) NOT NULL PRIMARY KEY, "session_data" text NOT NULL, "expire_date" datetime NOT NULL);
INSERT INTO django_session VALUES('90c4yr9dpiv584wm51ffbwfkmay46dp6','.eJxVjDsOwjAQBe_iGllrx19Kes5g7fqDA8iW4qRC3B0ipYD2zcx7sYDbWsM28hLmxM5MstPvRhgfue0g3bHdOo-9rctMfFf4QQe_9pSfl8P9O6g46reenAZphJWUjQBTMGmSBYQmr8B5BIPGweRtTMKBJ2cnJYTU2RclDSF7fwCs0jZ6:1laxkR:ud0S0sxDBz0Mh9RYs1etQxzQgiqOVW-Kw0mWlcCQ_HM','2021-05-10 09:41:47.967048');
INSERT INTO django_session VALUES('icu4nr6v1t97e36qo9c8p2hfk4y2mgg6','.eJxVjDsOwjAQBe_iGllrx19Kes5g7fqDA8iW4qRC3B0ipYD2zcx7sYDbWsM28hLmxM5MstPvRhgfue0g3bHdOo-9rctMfFf4QQe_9pSfl8P9O6g46reenAZphJWUjQBTMGmSBYQmr8B5BIPGweRtTMKBJ2cnJYTU2RclDSF7fwCs0jZ6:1laxkS:jxW6pur0Jpx_Mhpt0kaz1tKEzr7YUlD9WhtWqzRXPh4','2021-05-10 09:41:48.197466');
INSERT INTO django_session VALUES('t2nh17ybj8jxe1qktneaey8i72764yqq','.eJxVjDsOwjAQBe_iGllrx19Kes5g7fqDA8iW4qRC3B0ipYD2zcx7sYDbWsM28hLmxM5MstPvRhgfue0g3bHdOo-9rctMfFf4QQe_9pSfl8P9O6g46reenAZphJWUjQBTMGmSBYQmr8B5BIPGweRtTMKBJ2cnJYTU2RclDSF7fwCs0jZ6:1laxkS:jxW6pur0Jpx_Mhpt0kaz1tKEzr7YUlD9WhtWqzRXPh4','2021-05-10 09:41:48.322276');
INSERT INTO django_session VALUES('vqfgh64rux2eyvx3niky5luf3h49pln7','.eJxVjEEOwiAQRe_C2pDOMBRw6d4zEGBQqgaS0q6Md7dNutDtf-_9t_BhXYpfe579xOIslDj9bjGkZ6474Eeo9yZTq8s8Rbkr8qBdXhvn1-Vw_w5K6GWriUaKpNFmBTejwMJgR6UZrUKObAYCdJmMU86hsZwTOQDaPDQAqMXnC5W0NW0:1lccC8:GoBPWA259uxk1urfRL5fEkMieoRxlj3UIWWrNY1HVUI','2021-05-14 23:05:12.679986');
INSERT INTO django_session VALUES('5wexjdfmqvvc6zd58g9zt1ax144nu7o2','.eJxVjEEOwiAQRe_C2pDOMBRw6d4zEGBQqgaS0q6Md7dNutDtf-_9t_BhXYpfe579xOIslDj9bjGkZ6474Eeo9yZTq8s8Rbkr8qBdXhvn1-Vw_w5K6GWriUaKpNFmBTejwMJgR6UZrUKObAYCdJmMU86hsZwTOQDaPDQAqMXnC5W0NW0:1lfVD6:KEFAQUmGvPm7Elyzy8RN_Y24Bq8fz42myFPtYmKvsl4','2021-05-22 22:14:08.474713');
INSERT INTO django_session VALUES('4d53uxew7md0uxjbsl92o3k56w6rt0ts','.eJxVjDsOwjAQBe_iGllrx19Kes5g7fqDA8iW4qRC3B0ipYD2zcx7sYDbWsM28hLmxM5MstPvRhgfue0g3bHdOo-9rctMfFf4QQe_9pSfl8P9O6g46reenAZphJWUjQBTMGmSBYQmr8B5BIPGweRtTMKBJ2cnJYTU2RclDSF7fwCs0jZ6:1lfVM9:X2UfjOJbCQDsKZCirzXlZJZ-bMpfbUothbfpbF1MhvU','2021-05-22 22:23:29.961659');
INSERT INTO django_session VALUES('s15ybwb80hhn6scdmiy2pb3lebdcgn7l','.eJxVjDsOwjAQBe_iGllrx19Kes5g7fqDA8iW4qRC3B0ipYD2zcx7sYDbWsM28hLmxM5MstPvRhgfue0g3bHdOo-9rctMfFf4QQe_9pSfl8P9O6g46reenAZphJWUjQBTMGmSBYQmr8B5BIPGweRtTMKBJ2cnJYTU2RclDSF7fwCs0jZ6:1lfXee:PaDN5cNJVLSsO4kl3rLlML7egnAC0jAqg5Dlw7ag2Bg','2021-05-23 00:50:44.861011');
CREATE TABLE IF NOT EXISTS "auctions_bid" ("id" integer NOT NULL PRIMARY KEY AUTOINCREMENT, "price" decimal NOT NULL, "bidding_datetime" datetime NOT NULL, "bidder_id" integer NOT NULL REFERENCES "auctions_user" ("id") DEFERRABLE INITIALLY DEFERRED, "item_id" integer NOT NULL REFERENCES "auctions_listing" ("id") DEFERRABLE INITIALLY DEFERRED);
INSERT INTO auctions_bid VALUES(1,100,'2021-04-19 13:18:50.774166',2,1);
INSERT INTO auctions_bid VALUES(2,200,'2021-04-19 13:19:16.046910',3,1);
INSERT INTO auctions_bid VALUES(3,200,'2021-04-19 22:53:18.441787',4,1);
INSERT INTO auctions_bid VALUES(4,205,'2021-04-20 05:59:37.471662',2,1);
INSERT INTO auctions_bid VALUES(5,206,'2021-04-20 05:59:59.693304',4,1);
INSERT INTO auctions_bid VALUES(6,210,'2021-04-20 06:00:11.075951',2,1);
INSERT INTO auctions_bid VALUES(7,210,'2021-04-20 06:00:23.726406',4,1);
INSERT INTO auctions_bid VALUES(8,210.49999999999999822,'2021-04-21 05:16:04.599516',4,1);
INSERT INTO auctions_bid VALUES(9,215,'2021-04-21 07:46:00.703824',4,1);
INSERT INTO auctions_bid VALUES(10,1,'2021-04-22 11:26:38.033191',4,6);
INSERT INTO auctions_bid VALUES(13,20,'2021-04-23 01:21:04.325730',4,2);
INSERT INTO auctions_bid VALUES(14,220,'2021-04-25 11:52:23.101719',3,1);
INSERT INTO auctions_bid VALUES(15,20.499999999999998223,'2021-05-07 12:52:33.810330',3,2);
INSERT INTO auctions_bid VALUES(16,22,'2021-05-07 12:57:50.086063',3,2);
CREATE TABLE IF NOT EXISTS "auctions_watchlist" ("id" integer NOT NULL PRIMARY KEY AUTOINCREMENT, "item_id" integer NOT NULL REFERENCES "auctions_listing" ("id") DEFERRABLE INITIALLY DEFERRED, "watcher_id" integer NOT NULL REFERENCES "auctions_user" ("id") DEFERRABLE INITIALLY DEFERRED);
INSERT INTO auctions_watchlist VALUES(5,1,4);
INSERT INTO auctions_watchlist VALUES(6,2,4);
INSERT INTO auctions_watchlist VALUES(7,1,3);
INSERT INTO auctions_watchlist VALUES(8,6,3);
INSERT INTO auctions_watchlist VALUES(10,5,3);
INSERT INTO auctions_watchlist VALUES(11,9,5);
INSERT INTO auctions_watchlist VALUES(12,9,4);
INSERT INTO auctions_watchlist VALUES(13,9,3);
INSERT INTO auctions_watchlist VALUES(14,9,6);
CREATE TABLE IF NOT EXISTS "auctions_listing" ("id" integer NOT NULL PRIMARY KEY AUTOINCREMENT, "category" varchar(10) NULL, "price" decimal NOT NULL, "photo" varchar(100) NULL, "starting_bid" decimal NOT NULL, "listing_datetime" datetime NOT NULL, "active_listing" varchar(3) NOT NULL, "watchlist" varchar(3) NOT NULL, "title" varchar(64) NOT NULL, "description" varchar(255) NULL, "listed_by_id" integer NOT NULL REFERENCES "auctions_user" ("id") DEFERRABLE INITIALLY DEFERRED);
INSERT INTO auctions_listing VALUES(1,'TOY',2000,'images/Invisible_Cloak1.jpg',110,'2021-04-17 00:21:37.886457','YES','YES','Invisible Cloak','The famous invisible cloak is on the market. It''s real or fake?  It''s on the fierce debate now.',2);
INSERT INTO auctions_listing VALUES(2,'TOY',100.49999999999998934,'images/broomstick2.jpg',20,'2021-04-17 00:31:15.990999','YES','YES','Broomstick',NULL,2);
INSERT INTO auctions_listing VALUES(3,'ELECTRO',1500,'images/iMac.jpg',1,'2021-04-17 00:32:17.317539','NO','NO','iMac',NULL,2);
INSERT INTO auctions_listing VALUES(4,'ELECTRO',50,'images/MacBookAir.jpg',1,'2021-04-17 00:56:14.826477','NO','NO','MacBook Air',NULL,2);
INSERT INTO auctions_listing VALUES(5,'ELECTRO',30,'images/MacBookPro.jpg',2,'2021-04-17 01:05:53.288255','YES','YES','MacBook Pro',NULL,2);
INSERT INTO auctions_listing VALUES(6,'MUSIC',3085,'images/Buffet_R13.jpg',1,'2021-04-17 07:39:18.806540','YES','YES','Buffet R13',NULL,2);
INSERT INTO auctions_listing VALUES(7,'ELECTRO',2000,'images/iMacNew.jpg',1,'2021-04-23 02:21:40.971778','YES','NO','new iMac','2020 New iMac Series',2);
INSERT INTO auctions_listing VALUES(9,'ELECTRO',999,'images/macbook-air-space-gray-select-201810_ZXsXElV.jpg',100,'2021-05-06 14:24:53.956574','YES','YES','MacBook Air (M1)','Apple M1 Chip with 8-Core CPU and 7-Core GPU 256GB Storage',2);
INSERT INTO auctions_listing VALUES(10,'TOY',100,'',1,'2021-05-06 14:35:45.591056','NO','NO','aaa','aaaa',2);
INSERT INTO auctions_listing VALUES(11,'TOY',33,'',1,'2021-05-06 14:38:45.422654','NO','NO','bbb','bbb',3);
INSERT INTO auctions_listing VALUES(12,'TOY',55,'',1,'2021-05-06 14:57:31.514187','YES','NO','ccc','ccc',2);
INSERT INTO auctions_listing VALUES(15,'ELECTRO',1399,'images/ipad-pro-12-11-select-202104_GEO_KR.jpeg',1,'2021-05-09 00:22:13.164664','YES','NO','iPad Pro 12.9 inch cellula','The 12.9-inch Liquid Retina XDR display was built to deliver extreme brightness, deep blacks and subtle details. It’s perfect for viewing and editing high-brightness and high-contrast content like HDR photos and videos',6);
CREATE TABLE IF NOT EXISTS "django_admin_log" ("id" integer NOT NULL PRIMARY KEY AUTOINCREMENT, "action_time" datetime NOT NULL, "object_id" text NULL, "object_repr" varchar(200) NOT NULL, "change_message" text NOT NULL, "content_type_id" integer NULL REFERENCES "django_content_type" ("id") DEFERRABLE INITIALLY DEFERRED, "user_id" integer NOT NULL REFERENCES "auctions_user" ("id") DEFERRABLE INITIALLY DEFERRED, "action_flag" smallint unsigned NOT NULL CHECK ("action_flag" >= 0));
INSERT INTO django_admin_log VALUES(1,'2021-04-17 00:32:17.319047','3','Listing object (3)','[{"added": {}}]',7,2,1);
INSERT INTO django_admin_log VALUES(2,'2021-04-17 08:50:32.128328','1','Listing object (1)','[{"changed": {"fields": ["Photo"]}}]',7,2,2);
INSERT INTO django_admin_log VALUES(3,'2021-04-17 10:09:42.058199','1','Listing object (1)','[{"changed": {"fields": ["Name", "Price"]}}]',7,2,2);
INSERT INTO django_admin_log VALUES(4,'2021-04-17 10:10:26.305810','1','Listing object (1)','[{"changed": {"fields": ["Photo"]}}]',7,2,2);
INSERT INTO django_admin_log VALUES(5,'2021-04-17 10:12:47.715973','1','Listing object (1)','[{"changed": {"fields": ["Photo"]}}]',7,2,2);
INSERT INTO django_admin_log VALUES(6,'2021-04-17 10:14:09.995777','2','Listing object (2)','[{"changed": {"fields": ["Name", "Photo"]}}]',7,2,2);
INSERT INTO django_admin_log VALUES(7,'2021-04-17 10:49:48.254808','4','Listing object (4)','[{"changed": {"fields": ["Photo"]}}]',7,2,2);
INSERT INTO django_admin_log VALUES(8,'2021-04-17 22:54:21.482389','6','Listing object (6)','[{"changed": {"fields": ["Name", "Price", "Photo"]}}]',7,2,2);
INSERT INTO django_admin_log VALUES(9,'2021-04-17 23:41:24.844758','3','Listing object (3)','[{"changed": {"fields": ["Active listing"]}}]',7,2,2);
INSERT INTO django_admin_log VALUES(10,'2021-04-17 23:41:48.267870','4','Listing object (4)','[{"changed": {"fields": ["Active listing"]}}]',7,2,2);
INSERT INTO django_admin_log VALUES(11,'2021-04-17 23:42:24.345840','5','Listing object (5)','[{"changed": {"fields": ["Active listing"]}}]',7,2,2);
INSERT INTO django_admin_log VALUES(12,'2021-04-18 02:31:57.115628','5','Listing object (5)','[{"changed": {"fields": ["Photo", "Active listing"]}}]',7,2,2);
INSERT INTO django_admin_log VALUES(13,'2021-04-18 02:45:01.824618','1','Listing object (1)','[{"changed": {"fields": ["Description"]}}]',7,2,2);
INSERT INTO django_admin_log VALUES(14,'2021-04-18 08:18:13.901097','1','Listing object (1)','[{"changed": {"fields": ["Description"]}}]',7,2,2);
INSERT INTO django_admin_log VALUES(15,'2021-04-18 11:17:18.703222','1','Listing object (1)','[{"changed": {"fields": ["Description"]}}]',7,2,2);
INSERT INTO django_admin_log VALUES(16,'2021-04-18 12:41:49.763161','1','harry','[{"changed": {"fields": ["First name", "Last name"]}}]',1,2,2);
INSERT INTO django_admin_log VALUES(17,'2021-04-18 12:44:42.535606','1','harry','[{"changed": {"fields": ["Password"]}}]',1,2,2);
INSERT INTO django_admin_log VALUES(18,'2021-04-18 12:48:09.169291','1','harry','[{"changed": {"fields": ["Staff status"]}}]',1,2,2);
INSERT INTO django_admin_log VALUES(19,'2021-04-18 12:51:34.909968','1','harry','[{"changed": {"fields": ["Superuser status"]}}]',1,2,2);
INSERT INTO django_admin_log VALUES(20,'2021-04-18 12:53:06.142774','1','harry','',1,2,3);
INSERT INTO django_admin_log VALUES(21,'2021-04-18 13:42:22.147918','1','Listing object (1)','[{"changed": {"fields": ["Starting bid"]}}]',7,2,2);
INSERT INTO django_admin_log VALUES(22,'2021-04-19 03:54:03.427415','1','Listing object (1)','[{"changed": {"fields": ["Listed by"]}}]',7,2,2);
INSERT INTO django_admin_log VALUES(23,'2021-04-19 03:54:30.898417','2','Listing object (2)','[{"changed": {"fields": ["Listed by"]}}]',7,2,2);
INSERT INTO django_admin_log VALUES(24,'2021-04-19 03:54:56.469087','3','Listing object (3)','[{"changed": {"fields": ["Listed by"]}}]',7,2,2);
INSERT INTO django_admin_log VALUES(25,'2021-04-19 03:55:16.825580','4','Listing object (4)','[{"changed": {"fields": ["Listed by"]}}]',7,2,2);
INSERT INTO django_admin_log VALUES(26,'2021-04-19 03:55:25.139060','5','Listing object (5)','[{"changed": {"fields": ["Listed by"]}}]',7,2,2);
INSERT INTO django_admin_log VALUES(27,'2021-04-19 03:55:33.336031','6','Listing object (6)','[{"changed": {"fields": ["Listed by"]}}]',7,2,2);
INSERT INTO django_admin_log VALUES(28,'2021-04-19 11:08:54.459414','3','Pilip','[{"changed": {"fields": ["Staff status"]}}]',1,2,2);
INSERT INTO django_admin_log VALUES(29,'2021-04-19 13:18:50.775932','1','Bid object (1)','[{"added": {}}]',9,2,1);
INSERT INTO django_admin_log VALUES(30,'2021-04-19 13:19:00.509372','1','Bid object (1)','[]',9,2,2);
INSERT INTO django_admin_log VALUES(31,'2021-04-19 13:19:16.048173','2','Bid object (2)','[{"added": {}}]',9,2,1);
INSERT INTO django_admin_log VALUES(32,'2021-04-19 22:50:48.364308','4','harry','[{"added": {}}]',1,2,1);
INSERT INTO django_admin_log VALUES(33,'2021-04-19 22:53:18.442849','3','Bid object (3)','[{"added": {}}]',9,2,1);
INSERT INTO django_admin_log VALUES(34,'2021-04-20 05:59:37.472694','4','Bid object (4)','[{"added": {}}]',9,2,1);
INSERT INTO django_admin_log VALUES(35,'2021-04-20 05:59:59.694369','5','Bid object (5)','[{"added": {}}]',9,2,1);
INSERT INTO django_admin_log VALUES(36,'2021-04-20 06:00:11.077469','6','Bid object (6)','[{"added": {}}]',9,2,1);
INSERT INTO django_admin_log VALUES(37,'2021-04-20 06:00:23.727525','7','Bid object (7)','[{"added": {}}]',9,2,1);
INSERT INTO django_admin_log VALUES(38,'2021-04-21 22:00:04.152531','1','Listing object (1)','[{"changed": {"fields": ["Photo"]}}]',7,2,2);
INSERT INTO django_admin_log VALUES(39,'2021-04-21 23:22:57.550625','1','Listing object (1)','[{"changed": {"fields": ["Active listing"]}}]',7,2,2);
INSERT INTO django_admin_log VALUES(40,'2021-04-21 23:26:40.614994','9','Bid object (9)','[{"changed": {"fields": ["Bidder"]}}]',9,2,2);
INSERT INTO django_admin_log VALUES(41,'2021-04-21 23:42:07.910006','1','Listing object (1)','[{"changed": {"fields": ["Active listing"]}}]',7,2,2);
INSERT INTO django_admin_log VALUES(42,'2021-04-21 23:45:01.439267','1','Listing object (1)','[{"changed": {"fields": ["Active listing"]}}]',7,2,2);
INSERT INTO django_admin_log VALUES(43,'2021-04-21 23:45:45.121508','1','Listing object (1)','[{"changed": {"fields": ["Active listing"]}}]',7,2,2);
INSERT INTO django_admin_log VALUES(44,'2021-04-21 23:47:05.948349','1','Listing object (1)','[{"changed": {"fields": ["Active listing"]}}]',7,2,2);
INSERT INTO django_admin_log VALUES(45,'2021-04-21 23:51:27.438649','1','Listing object (1)','[{"changed": {"fields": ["Active listing"]}}]',7,2,2);
INSERT INTO django_admin_log VALUES(46,'2021-04-22 01:47:12.833737','1','Listing object (1)','[{"changed": {"fields": ["Active listing"]}}]',7,2,2);
INSERT INTO django_admin_log VALUES(47,'2021-04-22 07:18:16.396273','3','Pilip','[{"changed": {"fields": ["First name", "Last name"]}}]',1,2,2);
INSERT INTO django_admin_log VALUES(48,'2021-04-22 07:18:30.325804','2','admin','[{"changed": {"fields": ["First name", "Last name"]}}]',1,2,2);
INSERT INTO django_admin_log VALUES(49,'2021-04-22 10:51:38.442793','1','Listing object (1)','[{"changed": {"fields": ["Active listing"]}}]',7,2,2);
INSERT INTO django_admin_log VALUES(50,'2021-04-23 00:30:20.639312','4','Listing object (4)','[{"changed": {"fields": ["Title"]}}]',7,2,2);
INSERT INTO django_admin_log VALUES(51,'2021-04-23 01:56:30.100451','12','Bid object (12)','',9,2,3);
INSERT INTO django_admin_log VALUES(52,'2021-04-23 01:56:39.542121','11','Bid object (11)','',9,2,3);
INSERT INTO django_admin_log VALUES(53,'2021-04-23 02:10:25.539064','5','Listing object (5)','[{"changed": {"fields": ["Active listing"]}}]',7,2,2);
INSERT INTO django_admin_log VALUES(54,'2021-04-23 02:10:53.441606','4','Listing object (4)','[{"changed": {"fields": ["Active listing"]}}]',7,2,2);
INSERT INTO django_admin_log VALUES(55,'2021-04-23 02:11:01.710026','3','Listing object (3)','[{"changed": {"fields": ["Active listing"]}}]',7,2,2);
INSERT INTO django_admin_log VALUES(56,'2021-04-23 02:18:14.498529','3','Listing object (3)','[{"changed": {"fields": ["Title", "Price", "Photo"]}}]',7,2,2);
INSERT INTO django_admin_log VALUES(57,'2021-04-23 02:19:56.724358','4','Listing object (4)','[{"changed": {"fields": ["Title", "Photo"]}}]',7,2,2);
INSERT INTO django_admin_log VALUES(58,'2021-04-23 02:20:29.133572','5','Listing object (5)','[{"changed": {"fields": ["Title", "Photo"]}}]',7,2,2);
INSERT INTO django_admin_log VALUES(59,'2021-04-23 02:21:40.973372','7','Listing object (7)','[{"added": {}}]',7,2,1);
INSERT INTO django_admin_log VALUES(60,'2021-04-23 02:32:03.375883','7','Listing object (7)','[{"changed": {"fields": ["Description"]}}]',7,2,2);
INSERT INTO django_admin_log VALUES(61,'2021-04-23 03:05:20.423864','7','Listing object (7)','[{"changed": {"fields": ["Listed by"]}}]',7,2,2);
INSERT INTO django_admin_log VALUES(62,'2021-04-25 04:51:53.447158','1','Comment object (1)','[{"added": {}}]',8,2,1);
INSERT INTO django_admin_log VALUES(63,'2021-04-25 10:11:19.113612','2','Comment object (2)','[{"added": {}}]',8,2,1);
INSERT INTO django_admin_log VALUES(64,'2021-04-25 11:33:24.693905','2','Comment object (2)','[{"changed": {"fields": ["Comment"]}}]',8,2,2);
INSERT INTO django_admin_log VALUES(65,'2021-04-26 00:58:48.691707','5','Comment object (5)','[{"changed": {"fields": ["Comment"]}}]',8,2,2);
INSERT INTO django_admin_log VALUES(66,'2021-04-26 02:04:23.541146','2','Listing object (2)','[{"changed": {"fields": ["Photo"]}}]',7,2,2);
INSERT INTO django_admin_log VALUES(67,'2021-04-26 02:14:39.361563','2','Listing object (2)','[{"changed": {"fields": ["Category"]}}]',7,2,2);
INSERT INTO django_admin_log VALUES(68,'2021-04-26 02:15:01.011655','4','Listing object (4)','[{"changed": {"fields": ["Category"]}}]',7,2,2);
INSERT INTO django_admin_log VALUES(69,'2021-04-26 02:15:13.658013','5','Listing object (5)','[{"changed": {"fields": ["Category"]}}]',7,2,2);
INSERT INTO django_admin_log VALUES(70,'2021-04-26 02:15:26.518922','6','Listing object (6)','[{"changed": {"fields": ["Category"]}}]',7,2,2);
INSERT INTO django_admin_log VALUES(71,'2021-04-27 13:22:12.932022','3','Listing object (3)','[{"changed": {"fields": ["Active listing"]}}]',7,2,2);
INSERT INTO django_admin_log VALUES(72,'2021-04-28 10:21:39.995023','3','Pilip','[{"changed": {"fields": ["Superuser status"]}}]',1,2,2);
INSERT INTO django_admin_log VALUES(73,'2021-05-05 14:32:07.104393','1','Listing object (1)','[{"changed": {"fields": ["Active listing"]}}]',7,2,2);
INSERT INTO django_admin_log VALUES(74,'2021-05-06 14:24:11.829234','8','Listing object (8)','',7,2,3);
INSERT INTO django_admin_log VALUES(75,'2021-05-06 22:02:32.099915','14','Listing object (14)','',7,2,3);
INSERT INTO django_admin_log VALUES(76,'2021-05-06 22:02:43.089623','13','Listing object (13)','',7,2,3);
INSERT INTO django_admin_log VALUES(77,'2021-05-06 22:30:03.781676','1','Listing object (1)','[{"changed": {"fields": ["Active listing"]}}]',7,3,2);
INSERT INTO django_admin_log VALUES(78,'2021-05-06 22:41:06.549824','1','Listing object (1)','[{"changed": {"fields": ["Active listing"]}}]',7,3,2);
INSERT INTO django_admin_log VALUES(79,'2021-05-07 01:16:09.490018','6','Listing object (6)','[{"changed": {"fields": ["Watchlist"]}}]',7,3,2);
INSERT INTO django_admin_log VALUES(80,'2021-05-07 04:37:30.579962','1','Listing object (1)','[{"changed": {"fields": ["Active listing"]}}]',7,3,2);
INSERT INTO django_admin_log VALUES(81,'2021-05-07 04:39:12.636003','1','Listing object (1)','[{"changed": {"fields": ["Active listing"]}}]',7,3,2);
INSERT INTO django_admin_log VALUES(82,'2021-05-07 04:41:08.835412','1','Listing object (1)','[{"changed": {"fields": ["Active listing"]}}]',7,3,2);
INSERT INTO django_admin_log VALUES(83,'2021-05-07 04:41:36.005151','1','Listing object (1)','[{"changed": {"fields": ["Active listing"]}}]',7,3,2);
INSERT INTO django_admin_log VALUES(84,'2021-05-07 05:30:25.305978','11','Listing object (11)','[{"changed": {"fields": ["Listed by"]}}]',7,3,2);
INSERT INTO django_admin_log VALUES(85,'2021-05-08 03:12:29.548776','1','Listing object (1)','[{"changed": {"fields": ["Active listing"]}}]',7,2,2);
CREATE TABLE IF NOT EXISTS "auctions_comment" ("id" integer NOT NULL PRIMARY KEY AUTOINCREMENT, "comment" text NOT NULL, "item_id" integer NOT NULL REFERENCES "auctions_listing" ("id") DEFERRABLE INITIALLY DEFERRED, "created_date" datetime NOT NULL, "author_id" integer NULL REFERENCES "auctions_user" ("id") DEFERRABLE INITIALLY DEFERRED);
INSERT INTO auctions_comment VALUES(1,'This is a fake item for fun!!!',1,'2021-04-25 04:51:53.445597',2);
INSERT INTO auctions_comment VALUES(2,replace(replace('Wow! Invisible cloak.\r\nI don''t care it''s real or fake.\r\nI just need this one!','\r',char(13)),'\n',char(10)),1,'2021-04-25 10:11:19.110426',4);
INSERT INTO auctions_comment VALUES(3,'the picture is not good. Can you make it nice?',1,'2021-04-25 11:15:13.069294',3);
INSERT INTO auctions_comment VALUES(4,'it''s getting hot now. Haha',1,'2021-04-25 11:18:15.962241',2);
INSERT INTO auctions_comment VALUES(5,'So who will win? I wonder...',1,'2021-04-25 11:51:15.837508',2);
INSERT INTO auctions_comment VALUES(6,'So no more bidding?',1,'2021-04-30 23:04:11.764779',3);
DELETE FROM sqlite_sequence;
INSERT INTO sqlite_sequence VALUES('django_migrations',47);
INSERT INTO sqlite_sequence VALUES('django_content_type',12);
INSERT INTO sqlite_sequence VALUES('auth_permission',56);
INSERT INTO sqlite_sequence VALUES('auth_group',0);
INSERT INTO sqlite_sequence VALUES('auctions_user',6);
INSERT INTO sqlite_sequence VALUES('auctions_bid',16);
INSERT INTO sqlite_sequence VALUES('auctions_watchlist',14);
INSERT INTO sqlite_sequence VALUES('auctions_listing',15);
INSERT INTO sqlite_sequence VALUES('django_admin_log',85);
INSERT INTO sqlite_sequence VALUES('auctions_comment',6);
CREATE UNIQUE INDEX "django_content_type_app_label_model_76bd3d3b_uniq" ON "django_content_type" ("app_label", "model");
CREATE UNIQUE INDEX "auth_group_permissions_group_id_permission_id_0cd325b0_uniq" ON "auth_group_permissions" ("group_id", "permission_id");
CREATE INDEX "auth_group_permissions_group_id_b120cbf9" ON "auth_group_permissions" ("group_id");
CREATE INDEX "auth_group_permissions_permission_id_84c5c92e" ON "auth_group_permissions" ("permission_id");
CREATE UNIQUE INDEX "auth_permission_content_type_id_codename_01ab375a_uniq" ON "auth_permission" ("content_type_id", "codename");
CREATE INDEX "auth_permission_content_type_id_2f476e4b" ON "auth_permission" ("content_type_id");
CREATE UNIQUE INDEX "auctions_user_groups_user_id_group_id_1f941809_uniq" ON "auctions_user_groups" ("user_id", "group_id");
CREATE INDEX "auctions_user_groups_user_id_cdaa1ab3" ON "auctions_user_groups" ("user_id");
CREATE INDEX "auctions_user_groups_group_id_beef25ba" ON "auctions_user_groups" ("group_id");
CREATE UNIQUE INDEX "auctions_user_user_permissions_user_id_permission_id_f092bc2e_uniq" ON "auctions_user_user_permissions" ("user_id", "permission_id");
CREATE INDEX "auctions_user_user_permissions_user_id_fec24fe0" ON "auctions_user_user_permissions" ("user_id");
CREATE INDEX "auctions_user_user_permissions_permission_id_6cab40d7" ON "auctions_user_user_permissions" ("permission_id");
CREATE INDEX "django_session_expire_date_a5c62663" ON "django_session" ("expire_date");
CREATE INDEX "auctions_bid_bidder_id_caac8a93" ON "auctions_bid" ("bidder_id");
CREATE INDEX "auctions_bid_item_id_c6bcbaff" ON "auctions_bid" ("item_id");
CREATE INDEX "auctions_watchlist_item_id_146e9c5d" ON "auctions_watchlist" ("item_id");
CREATE INDEX "auctions_watchlist_watcher_id_0b9372a0" ON "auctions_watchlist" ("watcher_id");
CREATE INDEX "auctions_listing_listed_by_id_c024bec2" ON "auctions_listing" ("listed_by_id");
CREATE INDEX "django_admin_log_content_type_id_c4bce8eb" ON "django_admin_log" ("content_type_id");
CREATE INDEX "django_admin_log_user_id_c564eba6" ON "django_admin_log" ("user_id");
CREATE INDEX "auctions_comment_item_id_5c8ca489" ON "auctions_comment" ("item_id");
CREATE INDEX "auctions_comment_author_id_d61f6a35" ON "auctions_comment" ("author_id");
COMMIT;
